empty_count,longitude,latitude
21,39.50251445091952,30.19993962292904
17,30.718934584687215,28.27660987631701
36,32.294548402488694,31.40312827755008
40,43.187650844579224,44.542719335062294
46,24.858039641953695,12.981694108443644
35,30.457364296532358,33.14607247130513
31,31.224773396674518,48.860459160720396
13,19.69078492725287,27.071777292104414
31,49.86769771659749,30.58295976034742
12,49.174612961596715,15.125534787853008
16,49.23444611691498,13.507458570879777
39,39.905852361564804,20.77267518282554
19,15.432674955533376,11.532988352311646
31,46.35987748197763,12.516665254350844
29,15.119151732769973,46.309443541744166
20,11.343017281270749,16.28854080954465
21,35.95767323927559,18.276184633967148
15,47.32196030878868,28.449854386016135
46,20.622002270844725,34.09768752733468
12,45.06004797590761,48.12464382917356
29,39.75049133795601,30.338652461074428
27,30.63133301938209,32.24915870078924
41,12.262234525163617,14.323874466577621
40,17.288785151294487,32.766371326809164
32,47.848460585066206,48.12458119950912
34,13.507084241674011,42.11386244382717
26,46.000752221764294,32.11090626938177
13,47.43755874920196,36.89310236480611
38,28.107219096992377,38.19975398538688
42,39.553202316549594,24.600076609985116
27,46.106736937644165,28.595488584880275
11,21.50088850775647,31.542471640451204
39,13.535958258926492,25.135279171243873
28,24.437623797854407,17.446374959684732
22,19.05824196057698,29.63366197113478
10,39.11658293696117,32.16585331938063
30,13.441511826641289,43.13344391325976
41,24.12776690601855,18.019782784779114
30,19.54211500435227,30.03197464933561
12,19.021835308853994,47.09317138401586
17,30.199718442195646,15.304585895367243
40,22.294310473396358,18.127440450208837
15,43.234227717882916,44.50310092287563
20,25.888464036413023,27.49722875140824
19,37.23351531817596,41.86799453289473
40,21.450575636859206,47.464809222601325
36,18.8255484724843,10.77233559482433
36,39.897774374501154,41.90156904408786
35,37.50253639657954,19.852409881336442
30,33.56506681197526,10.697921978929305
39,25.419676447166424,22.770372218369722
11,21.603420976860303,13.700148783000285
44,42.56987671121034,29.48457674450751
45,23.715947650897032,27.317556247486856
38,34.01692426974752,23.103053821860783
43,32.04905753638209,23.078971597678134
38,21.241292633399635,43.74830366168318
46,29.917435179481636,25.950791320427555
39,47.846904028477944,28.578086383514165
11,31.540780482952474,31.739366358498163
11,39.85784866243475,28.374815575527737
26,28.04786352478981,49.89247172453163
12,49.6936786437806,19.130370730555256
34,22.041378649268545,12.86513504991333
48,25.386738633320082,34.37867030325094
14,20.807492222531923,25.656309146208702
39,10.75914549830076,28.280419307950126
39,35.09088380694825,20.777992839371894
44,35.55932624676237,44.74177046213983
46,21.544155293313622,29.625497535249067
17,45.44738575378186,15.175801239422091
46,43.65982168300895,49.367935789534734
14,44.909410154852644,36.05435046456162
33,35.257158440313226,17.44678599964336
46,36.8275880089886,41.495927788235164
11,37.393599703174004,42.41042396180875
11,29.324011556008433,36.65224732797176
33,10.605171659196406,42.87652612201449
28,21.04092706932043,38.68668013558227
36,43.42474308195471,32.48397513696429
47,23.154196031665784,28.16937204324997
23,16.278629452373167,19.72074393950394
15,14.95379136856609,11.479131236594014
28,22.13115111482162,33.13164837949243
11,19.166582649399277,41.81328712182498
17,36.85212401201872,22.136389891768516
12,28.889985425593892,26.466501436097275
30,36.52307340186036,17.15134297356867
31,33.967893079792944,14.569952770450524
44,12.963829854026816,21.431319160615836
25,45.09650602372795,40.39220921934904
28,13.310877131092242,28.3070121154875
12,46.53971948061919,42.986906794739056
45,45.827193731511784,21.344477664323858
44,27.545106480031663,10.189192109123656
13,29.245466513167386,13.507405398650768
20,19.12219502600359,29.546228389658317
24,39.663270667770036,30.097581904927413
25,37.92709908616714,47.504409616614836
42,49.99433769513946,31.346236894170183
32,39.44221498736289,10.178537375743897
20,17.943567497863295,41.48345140412288
20,21.674523525672736,37.3840355338141
13,45.039333483644455,25.08921060421411
18,16.894626473415727,17.27722321868316
44,12.774660116667782,24.845181692722782
47,48.94408053185268,21.782861190826495
16,46.05504965743172,36.039468214702794
32,44.45249404732272,16.229520116772456
47,12.497112954181379,33.62388103254993
44,22.14108743966581,35.305031390371596
23,34.92142117183732,27.558203676117724
30,44.481588081925395,29.27804155455597
45,28.121362212934393,37.01002624261638
47,45.224895436568005,20.78525640468234
20,37.30525755550306,36.6111012293031
17,24.98780478072609,20.19069795139402
10,36.05132798609995,19.867317829935807
32,43.108996690926624,42.91746718145837
31,39.09024172340068,29.05647113878123
24,12.454963468664161,22.757852176038874
49,31.671300926855686,43.11222117468864
23,31.210527857951774,21.777630706840498
18,21.938216456705057,19.04554575633895
40,27.406133270090397,44.23544260184776
20,39.27976580240528,19.258991205788575
22,22.618326979066975,17.103780702726166
30,14.400856599609186,23.17064076131258
45,42.51723457017193,24.106551643097017
13,27.61625227190878,41.452413563817856
20,15.327009550754411,42.90419859315323
37,42.2482594304691,31.454891814459334
32,31.83704339116713,46.17566096059864
15,43.15146883428898,27.44465860376636
12,16.796356502209516,31.395671692364967
18,21.153263387026374,46.1961014383933
21,42.2307963227276,33.848205235897055
20,12.206008457542703,45.724689981357145
37,29.54589871093477,13.958749977601318
16,13.953637352809022,25.03351233979874
22,12.008803353041642,33.13178243152544
24,13.397685693694887,40.19373330623924
32,25.42762834821927,21.289801255705196
46,35.857443895947966,32.55715941194645
14,14.681086413822882,33.991086493715244
28,30.91838209802512,46.05009164779815
42,45.091267077174535,43.16438127763731
16,45.91406944393465,17.80789993780182
44,27.41608918843766,32.70686167417292
46,25.785051196456447,29.641468304262713
49,14.09999036675519,36.0421089547828
27,20.375587150928354,36.37073607328381
19,14.819953272230904,33.76350301671269
24,37.38781182504239,19.91790487501936
17,47.53452180541905,32.43679016460929
28,12.95125082154232,26.419879475398965
20,39.36066275711799,37.920765512908616
42,38.54449163870686,43.31207749265542
35,28.428439598256464,42.520811406407695
26,40.34470443903679,44.092699158442905
14,16.15307476993388,41.19948973582213
23,31.270159547860324,17.31894412593764
30,39.144748991649266,27.164973906353936
32,46.60748514789377,42.17716024799937
39,35.42061929926682,36.63438863328479
36,48.72079162768893,40.14950452717083
11,45.55065436240054,47.46896365624671
46,35.89575636978522,36.23595522655094
25,29.510831875791137,26.553323002837267
47,29.348332945089652,42.41566901119792
38,26.11063460411197,11.74896702163267
15,24.971475092548168,26.3227853698045
32,42.25282229040802,44.26921691561314
19,15.03870654789434,48.252223193018494
40,24.822657842574444,28.504766462974732
13,29.37354828316064,32.98104271036226
13,30.25236853286142,16.526877538736436
12,26.993303096305333,45.85026028221306
36,45.46599504515547,36.79135818797059
13,27.638345231730924,24.53791257717367
26,18.12374848378355,23.43965740738243
16,35.32215862919175,48.51702731747342
27,16.327866783017186,11.44951590904158
41,15.055197072079087,32.23576686557646
28,32.12203734925218,42.20967582125447
11,25.46654278137176,11.374920732204842
12,21.71654955261277,49.8027468113693
20,13.306075605666505,38.284468280042816
44,36.99384488528075,20.444024379697044
10,12.090113554916112,19.565052270986016
41,49.22284925358829,24.742267758516398
25,31.530166362396432,37.257980709654156
37,33.49388378265719,18.76913766001987
49,22.68025826041978,18.692615877257545
27,18.58223445117727,45.35217442690217
39,40.01666310588687,45.7380845922134
32,25.407873290029215,19.45368075409444
20,43.00979560327541,17.820194245778712
27,45.13010897699496,24.563340675877086
37,44.82472283985614,14.850704914523503
24,20.982878069289022,23.321912047455147
32,34.10214058670637,20.489609179103795
37,24.93417772592614,41.58640990276704
38,32.561184517284595,22.291180560981086
14,41.85617770181374,26.98074961491049
35,12.59612906215696,24.980591001490144
26,10.654690117346783,48.59691937426911
16,43.12924742125442,24.426300582677772
21,38.56403649222817,38.56783498563843
28,34.2380532300566,21.32953090709696
42,43.0038535027588,15.368108116971246
49,15.787300700747231,19.40409883600379
24,15.54170357930349,19.87095839110891
49,30.257104112844857,35.20071699536426
45,43.96918306565134,30.984881825143784
42,23.994551699809694,12.236877578393383
17,49.23328913638511,34.60540382667866
16,42.64136903187982,24.109233294338736
26,30.97283268480463,32.59805397025585
41,33.436324966945364,35.2367466365987
29,32.59634780625258,22.433495260353187
22,33.87324431717155,45.77699378038283
48,44.590621535246356,48.00005066045495
33,28.02976734257866,28.240849246311498
37,46.51478585199004,37.08650246429717
13,18.90930731291098,15.634867282439021
42,18.06914255906821,33.35513274558232
43,47.50505375149965,28.719868009612107
19,17.452150252632844,10.8369999219954
40,32.56165606535235,45.497033135651904
14,28.284011022725334,24.963375149857285
25,20.921384805875903,39.61740074989756
13,49.50207116596694,20.246140876179872
19,18.993968763263815,48.21731555466321
23,45.99761765417216,12.297325212223358
30,24.81438005484531,15.55779196775983
19,47.68950687824345,49.447725338151784
28,43.21260035152457,42.11731069646622
26,42.92161355853943,32.686171393006944
48,15.854908415562887,25.946564620506823
42,40.615488025425186,45.146522681105765
37,20.50842377588483,30.246347000050786
43,46.41923993577775,14.160993619059878
40,42.05017989769809,45.13626419116703
45,45.04191779758833,48.56869986252091
43,24.44232748929579,42.063439757458085
29,36.08136362340377,45.20918819165954
24,21.50792729152411,48.833127552685404
25,34.18069911389431,13.956108278054504
43,39.365716693349796,34.61849607936247
37,22.35387723347674,48.04445627918998
29,42.14302125301919,22.08757216926216
25,45.779663846022935,34.02910326704857
44,29.44465823134236,13.090467537557027
33,18.24817677235707,11.211941063145478
16,33.475927579062486,29.85640877718344
44,40.77370096127572,36.02657714044594
23,32.30383497772885,37.66481386473064
11,15.188615052125321,32.45485725014888
17,26.760237474919094,42.486331087033946
48,39.21794223532536,12.584880167973829
24,43.640317094298,42.00757759475593
15,18.579985174871133,49.66469392951939
17,32.64097788274135,40.946506572570215
36,40.6032248540899,49.84027951652299
11,20.506770196001934,23.57634905156891
27,35.478725000989726,31.168639473514578
12,45.80204325387864,41.27298444927612
11,25.61895672838922,29.066254198750432
47,10.560822771501623,45.766278786231005
38,45.363070172423036,28.921049078908826
47,47.80768171613796,11.183810138580728
31,10.662919840048106,29.835138352872104
17,35.42916496386601,47.04350543395512
36,38.91255143303887,30.126232530473228
20,36.35080323890777,33.90309252758242
17,12.900366381295285,15.998734885948519
29,10.018417634373327,36.220368280504914
22,41.01850375392513,11.48832094936175
17,12.891249378290137,23.69473309905794
30,25.533176140495858,10.074220620492804
21,38.653206232906925,14.85134215116318
47,40.022137098096415,13.843423777410102
41,28.28218537655507,48.577941116990374
41,32.62473736642832,14.90231494075909
47,44.345118078860224,11.03436569923456
13,41.12300052902199,47.46341132496604
23,20.54232771740741,48.133842574157796
37,24.503751964752052,30.747627221414668
44,43.50652139018469,24.676821436924385
18,29.56120358731516,26.132441433275886
45,39.62277971229378,14.397727428152113
17,36.176474515357896,14.459903526615697
27,29.98092886686239,39.95686378753157
15,44.457881134557454,19.528313884018548
48,45.75505709009449,40.29070345235925
45,17.381919364626796,41.34772125068915
39,39.071236661894915,46.54326472691346
21,11.74515850829513,21.201027288285697
34,38.68101540169572,32.36765784305786
16,15.692006802897659,37.42145848861697
28,24.51325339620745,19.664935046299334
19,46.68376564823077,26.920395876110767
38,32.47341726686585,11.78197206327039
11,41.0246612226034,40.48177757110781
19,13.599754169606513,28.620874725139007
36,30.76310742388018,11.225988467854817
14,27.531996152948746,12.264971024106316
18,42.29372908642194,45.28159968457992
12,19.8462148334892,22.122006192789044
39,21.146385494520086,32.75429414961975
42,22.524968514607274,37.20477033954444
42,33.15545334945137,43.26253297307464
35,45.97097750091756,34.634110800751955
41,14.478872117299307,17.47895098674161
28,23.273194789463417,25.67788404087179
13,48.387372024623524,11.462050642542966
13,38.7928789473155,16.68191009162781
34,13.713953284343198,19.28860322454723
20,28.06684410016015,22.42016325960279
39,10.082166061875668,38.44924962076429
16,26.3179247947065,47.792628448392236
41,17.72654921754876,36.247099695786574
29,47.67731796553765,24.76279783794601
40,44.60316791095678,25.245662838310302
32,32.625740128384095,33.086228051982545
23,36.76648362065582,27.403559410251987
46,28.927811676857978,19.372252358573196
13,37.90926990897647,48.13031568843657
44,37.993824016618845,47.43576536386621
19,23.3012081040361,28.418324218572394
45,40.683302554789286,18.700122009350494
40,28.23963707996259,16.96949551409284
32,28.434206599528796,40.38695484980403
35,23.55028178903619,24.88894594216564
42,35.986892687186035,30.876315383787958
34,37.73658942850669,42.666268216578125
44,28.90452014520307,12.336828883238088
16,41.03604339522916,25.42713767926682
35,10.786952063453533,43.93031391690318
48,23.55049640865672,38.7698803176417
44,25.797964490086226,11.654090823583815
36,40.36151515135954,17.256593733587945
23,25.451332812163855,44.601074044464
47,20.46573112651608,23.393358099235975
23,37.902969536722985,18.603191731025706
36,17.43545399948987,12.971627996242109
31,37.81313840841325,36.3198077266615
20,39.056434404723895,46.677521028266725
45,14.46497210412456,39.30308270788558
22,15.98629123686214,43.15965603975334
37,34.44610286328187,31.125017959558342
46,42.19822437592741,29.41214351404685
48,22.353095296448746,41.661549320570956
43,23.605718243307795,24.031528721607103
44,28.003788673543895,34.85072034623518
17,25.19296281393536,33.990412376735016
20,30.14631727756113,14.63063016088929
44,30.58223770089166,14.179138191423313
31,23.317747617669696,45.16351923734453
15,36.08066770757051,46.19551962541004
21,27.957572560163143,39.705170821140634
24,15.034163121105193,48.69089970893414
28,29.06759427521997,38.70137727736301
35,32.81152962288601,44.301474366085756
46,38.720887316753135,23.16812121519009
31,15.760157402891043,20.537552966220446
32,44.77083993220004,43.507576129188855
42,44.26003597343787,27.383648426013522
20,13.137741260310696,48.03418924221824
20,37.267209544765194,11.831636014234746
18,22.553386640047325,44.17076373704998
13,38.42446899021135,44.86230809660027
33,49.28241938501814,18.168863585424873
49,25.98714882113267,35.877587349394915
29,45.527571007330316,29.159999993425888
25,27.130027965575838,46.64637320105761
15,19.4303312135023,46.19620592190793
14,47.11327282744814,33.65657755947233
28,39.139223912689985,23.61108921978886
45,13.685652151871736,42.06357357346986
37,23.178508875158382,16.62909707388044
34,21.55487005002596,23.928819207356508
29,14.682129298316958,39.28659605827358
26,22.35237082652808,11.73096526006383
25,15.031103702853477,27.84249696719729
26,46.916849682842496,41.30330181411523
35,33.780506328972635,15.916930808953595
12,34.17569686975638,43.45202801283485
46,41.951939746182504,23.275370025907463
12,15.181869747829078,16.237656508136844
49,44.1239107005688,34.54949948148228
47,32.03039416571829,15.57577016913572
22,39.66915247499856,29.602240702853926
14,10.149276996339482,43.84316548786373
44,27.558259315873826,20.497274337783967
36,45.71843651546917,31.96294457271084
26,18.38568204953619,42.013986115814575
20,20.619638689962546,10.872840662292997
33,15.285494735359357,21.84633187211757
10,19.154019891428664,47.43503441770896
34,43.10521902172893,26.297028453521776
24,25.70596523063304,32.023009490059266
39,21.683926545687314,17.35087327234004
26,14.970355342652883,11.657618760376476
24,43.196867410085765,48.72262723495838
32,24.662565590378254,15.629079132571029
38,29.409532820352233,30.78517191169663
35,41.00104684542529,40.24982132936
30,27.05890442609067,46.4185257210808
31,12.12928663280163,20.6120180444761
45,35.44625080285024,27.715328907851728
25,41.234114545740326,31.8299463154897
49,33.111448207465244,28.0872785997496
33,48.73713537942017,23.66997658933276
30,20.212150688139587,40.58289987501677
47,39.66289195811272,22.028635499057806
28,13.169476278732194,13.781478737249998
49,14.41537071263097,19.51327295327581
47,30.795495581290872,24.357878408579694
32,38.05431830594194,21.96831535593091
23,26.725968310829494,25.522441970585042
43,31.00354047520416,29.82792410736007
11,23.009981199865695,47.8941079408085
46,16.968601043015564,16.50026024451782
34,11.961816025339624,32.34405405521644
48,48.83281092447925,35.19555018407907
49,25.454984887030268,15.324047320776014
29,21.214062780168806,47.70746301724705
35,46.716919232438244,28.560740633746057
25,27.262924496875037,30.016734938685474
18,25.435287061889383,18.524342738677724
27,32.31691187920651,19.45713145030165
26,48.12710976217801,11.234766532624331
18,47.00940492419976,49.93436941659836
18,47.63662903247841,12.27266634048985
13,11.885421398837952,33.12797096123733
14,23.7559624523729,40.75338277877556
14,27.51139142370926,33.341640218630424
49,23.997149151349923,14.65772044053347
19,31.567916050111666,21.902880071721725
29,16.9381507945753,49.16469315374249
13,35.87213804383828,43.38625398430461
43,16.114505944746362,28.171484966835973
22,39.834246565487874,12.044937313159618
17,34.73645428905844,27.133103440964497
11,48.24760332707884,46.45402057207085
10,26.51361595680807,16.187254906526828
18,19.381749330420735,30.56522892638842
32,20.452381284948878,46.78874144276633
24,42.808554009771335,44.96705032833585
35,27.116694755656802,10.238292530309154
22,36.60026221164293,49.49098388174456
29,13.825884370268295,41.93867978634624
19,37.88423989313638,21.036479356129195
10,29.662460697557314,31.650099683856713
42,13.302285922404007,26.350221632333888
31,49.16600205419857,40.17417774047625
48,35.07926810600543,16.185240715009922
31,16.00638097281943,37.67768838567895
26,43.189365611555914,48.575227832432915
47,33.776894771602926,47.777651900219055
40,43.30458469090482,31.401854208788635
32,30.217034300837287,32.60736293339381
22,44.48662311114741,34.232360133303956
28,30.898822494443156,35.100580285758284
21,36.926257088283535,41.01156160645522
29,31.90894401625099,11.607641747493949
18,40.56713822679253,19.07907726398878
25,42.68487824049072,30.269044936449067
39,14.459953873875184,11.465945878423675
35,24.543645281322654,35.43628833723512
13,36.684617287184096,17.901877582991006
11,45.854891348645964,25.155231684931692
45,33.273835229832784,22.700612193070988
21,17.082749442422074,11.651233855919125
25,42.79056502208225,42.09214835768103
18,42.375566415626274,46.85622483174258
49,20.016645800964707,16.3602153546898
19,23.44818969711153,16.693647826944478
19,33.75870302723032,12.171332385665096
47,25.664073372919226,31.658224255315403
39,42.451417367668974,14.693887912490897
35,18.366233575986392,42.74306031066726
22,34.19440183048245,12.598508198684168
33,45.969860798451336,47.78870868837376
33,35.769721115222644,10.453500042970013
20,14.042556462331838,17.528754753976855
28,37.4183944867882,43.62248793524704
31,41.260434667393895,27.482606557720423
38,38.1994836385892,17.453896346964164
34,43.39927207815971,39.48628649387222
17,36.59682380719538,37.221250034798494
14,40.34045211652342,14.708961238506287
42,25.201276508656946,41.57019554666718
13,30.709537198295074,15.253208643364541
35,48.69578325247874,37.07448533948519
11,39.59604313067746,24.88693152798689
14,13.961518825973025,13.01760525731352
38,41.945913509880626,35.865100447951775
27,20.10716953443233,44.790074640652755
21,24.28974005700116,29.77289939506969
27,47.071163048865486,44.317270389771565
43,22.368549862398087,38.87344555283421
26,24.59122819674417,15.86653779585738
23,23.393367958437807,10.4794425053853
43,19.023556134575248,26.234301831642803
21,17.480317601698886,29.886160204917104
28,47.76076473888464,49.84176287476756
23,49.356054087149495,44.513840920645784
36,16.10526787242765,35.40170483878618
16,48.11850897540744,27.42867215465719
35,27.246023325342776,32.90381628863385
18,41.911804644002146,42.65318354087193
20,11.807649944078339,33.54776300761371
45,29.885103685356814,48.62309432381206
36,43.903679151950385,17.50581672656462
10,40.42759817452938,49.635556692190065
43,19.585770264379473,31.524176099941855
41,10.5782350828071,16.11718622955229
33,27.108590655860162,13.601579880635285
34,21.5117441027113,33.748296764165936
28,24.995279911709417,11.294786237402711
48,25.14272157718556,46.49592235649323
44,42.65353007925787,27.999610099937318
16,35.152492346852476,31.340853971019182
38,20.78837892441582,29.52210522056065
44,30.669560846947928,40.16746494523392
45,48.15538456024328,32.031807715685034
13,14.119081227980006,20.888530091013827
33,12.367194674352735,25.370342051654724
13,42.60929035545757,28.611972387396012
45,35.37918097139672,40.2404854409789
46,43.56482387300569,21.750420513098227
45,45.25890071650303,49.65340734809227
34,33.29150083182942,36.965847790152644
18,22.051846341214357,26.416094692369306
16,26.860317840440253,18.875712428076923
16,21.012314288233277,40.40139564151152
33,36.509026251241245,21.989333557428083
17,21.030303512859444,29.425558960808612
11,46.6170784124338,15.294866014260649
36,11.97401048884791,16.556052570644695
32,17.94728448907778,33.040105357669674
49,12.396690136131632,15.617736040277617
33,30.717562180107755,37.96250833776197
10,16.554185237130827,18.520823183137747
46,29.97720584898472,40.82549546643525
37,42.060636714126034,36.712996965736885
20,10.249989146501424,22.386605832952604
23,48.51319390253761,34.56203580274514
33,49.38859680978042,36.892027159804975
33,37.092225335739414,45.40190346710731
49,14.115309677383276,30.7675686096264
42,35.121375314131384,29.970987769290666
22,34.086568789104824,23.177180939464975
11,35.979742622334925,24.22208288754402
18,29.109183716492744,23.790161681408083
32,26.79795237929165,19.075203719404982
25,24.40495223953066,14.807411675061314
35,48.84791442446415,40.902806880447415
38,14.925367521751447,27.727099870430642
20,17.2250793875427,36.466379276116626
36,41.30731326748538,27.68053050509164
17,37.420614594338474,20.211723989491595
15,12.86193750407862,14.798283622421632
44,23.308492884395605,16.13523937943041
14,24.473116863003863,16.22593287107668
20,10.092828577404237,45.23661394360619
35,49.040170070346385,12.98263373370306
28,30.649622626935653,23.76036651723528
34,48.866575603282094,28.160036301743073
14,21.086581228778044,42.004116277908125
15,13.890590581346164,32.59036279512908
31,13.396743559684015,44.92203148953239
26,31.380843635536543,48.25989245445883
28,10.359438021869916,17.54213035589099
15,31.50360900935699,16.47192116529739
13,31.699374726706612,43.07055212026654
33,14.14135243359775,47.11480559783233
32,31.85002461313719,26.242175534207533
15,10.786282954140933,41.960043337813715
38,23.359332605559313,46.502440774076504
33,21.67770992542003,33.13020989065694
14,12.425289772373368,41.99353026903516
29,23.048048845651973,29.77016270633966
32,40.074774071175014,21.457148715569794
21,26.254667428683636,19.884005558133325
30,33.027296472270635,25.517300968484502
20,17.836525700348634,38.48791719965875
30,38.43541701758784,29.89374622660694
18,26.86765885744886,25.104689885695173
37,12.929694259383702,46.17040626264906
10,23.516147323885818,32.814455610416914
30,23.315187178522127,39.3593572908167
44,41.316565013546054,37.586303619541894
13,43.76068405178709,31.117141078380016
23,48.33769828448054,27.558769129000535
15,19.430858209939963,46.89369420985925
15,27.100145765885287,12.18770543995916
26,40.78849914541273,15.678330542462128
31,33.433571543057596,28.0842245427268
45,23.69454784268171,47.00749931006931
42,23.414330217306127,13.553674379527884
41,35.03095196881668,44.02018153781262
47,39.23736771312046,23.620790619211856
26,38.87293694740872,16.468446576961163
24,32.78879728110331,21.714705767686194
36,18.143049670890438,16.624257723829757
42,27.075477107839184,29.884209118401223
30,22.822315487412084,44.853018573225086
44,46.356177438678806,16.421082783094505
32,19.624234609962045,27.490575240806635
14,47.96906449825297,21.377492797521285
43,21.038015586907438,13.889680669876157
32,47.49489983686217,16.28691818701366
41,47.89240104072156,44.280466346125216
33,32.29412048489327,10.684870332343186
29,28.405502717420337,46.90627933069072
33,40.98528430746022,19.30877174778026
24,17.384492834726736,35.92502526167183
11,44.724463148990296,23.038816329593338
25,18.842910428210406,44.505365575441836
43,17.043319333581035,23.18937833749096
27,17.83408897464879,24.86823680766641
35,13.335458238049771,10.686413769508265
35,33.569227009188964,41.45903760741395
20,26.912002844213397,29.06255477135428
35,12.848800890948024,16.271693300232645
34,22.57008809176114,15.282739632086741
49,34.98627346126538,26.064296571211255
29,12.91824404810411,41.767358686400954
29,42.80258453495304,40.67135000464158
11,39.281907386926136,19.154809896618424
34,19.47301483357976,32.964524577299564
12,35.59444331298249,21.429580017923698
10,11.054189820113262,26.751714052208577
47,42.715672805355965,16.430944526238747
33,19.180089846903723,10.840824322655251
23,17.67325493131938,22.336538511166886
49,10.14608479926328,43.413697776235736
26,16.50198065821835,37.49729945542454
25,44.339802451241844,40.25293481825477
18,46.46704498276752,19.0491652423539
45,30.65234555410592,45.344677384285085
31,12.65588529667776,27.40805894127042
36,30.80575883178065,48.61635961581483
16,48.911297840309274,44.867399923541505
39,19.68707295718348,32.80549391980724
24,29.995560476352807,26.071262181135964
14,16.551907720446863,41.834611504985986
44,14.951466618835543,13.994670426143285
31,28.047183191898664,49.345000836796274
21,45.49779431679538,32.81645983535747
43,14.693395041419134,34.42078898295078
21,48.95714175907059,37.53869626145736
29,25.565163879269882,47.958554980220505
49,42.15969831972165,16.658869972921856
29,38.996922820494945,44.7962842000676
49,41.67467337309437,28.554622114657732
36,44.835624331910516,19.93096436599698
30,19.69417932472311,17.615489461994905
30,31.094547149429587,44.9725293377924
31,32.03806396282765,30.532166925226537
37,43.17729592070628,30.90704542809143
15,41.68551230203404,35.66320957334593
16,11.706395499899367,24.163207377460616
18,37.533111345109056,30.481639457787203
17,35.91947441660402,23.789970055530492
27,20.305615802190133,16.465790734987333
30,32.920963577103194,10.839037429949311
43,44.90067475895396,30.574365772363755
35,49.39397820686602,36.87476945608557
35,10.603625027574882,36.40820547506941
46,37.04415682274114,21.914847003636524
40,19.98056456619379,35.004258564054666
21,17.398062210288728,21.87755318025171
47,47.90429400371623,31.939158155004122
27,27.860017695098325,20.177683853490723
23,41.30312679010325,48.58276093580085
35,31.293281065687605,45.03313822289921
48,24.377514054254096,36.425740773852624
28,28.469410487764076,11.867024924352396
25,11.612146541469768,23.18884860299358
13,14.380655840082547,10.35723324397491
36,14.097610109707146,17.62529476058493
34,42.55937023509349,25.007726123510604
41,13.413064510581085,41.86617774474989
45,38.840244563248525,20.9992838145403
15,29.521966763051456,12.501133517704703
23,17.961158360620555,39.011387887991546
17,20.808715012908788,35.402583339584545
15,35.10869387957184,11.958781777340368
19,48.08364418728954,20.641276825332827
26,15.770770536544564,14.349090160256686
42,20.675756070095552,43.688785112950285
31,41.674234853630566,34.43947921674207
15,21.671845416533845,31.01634537894455
34,42.77028006700634,12.26536082746653
37,48.176934955983505,40.99863346764817
37,28.051184831204587,18.079888361651278
45,41.76935115421486,22.11105445205685
19,29.994190645079627,39.53118454141598
42,30.001136656501806,38.0633423843707
14,27.543463205015044,34.09100293945484
20,33.17104029657434,39.12059121191855
37,26.671857515945927,11.023887844227946
13,13.676619274550315,43.30533860053323
49,46.9528065851142,41.78354323618059
20,42.966585438935134,12.016671158250357
37,43.98989822625554,27.44967129082776
34,21.42453794617246,11.285867797022814
39,21.92074524069765,16.75437974304597
33,19.941732399916837,33.23777283876047
16,15.227124964952644,38.52864703728115
45,39.241863692861756,33.83445033587432
40,16.812153314122064,49.50863087078516
37,47.49275090831594,32.57851869738485
47,16.01826104421412,31.00792840540568
23,19.623410264876732,46.238488338070105
33,25.090750257982965,12.467315302451398
38,46.97986064598104,28.971349339571493
35,26.731939202286878,47.99873792450401
36,40.905556057493776,44.31612450627369
38,32.75964627002261,37.31851250331546
25,11.11441702463081,22.891440880218955
13,36.347076819438485,20.527271517990663
26,43.37857487399625,45.636457051147005
13,43.61190281507885,35.88469609653934
14,12.011178448954762,41.00913888362129
11,10.147055622745622,43.89594545576563
17,19.057739467277234,43.47073445628687
31,31.276341130467845,30.63943618109784
11,14.04272328368962,47.69888618373128
36,48.25752609476295,40.953923554428
36,31.09027596956224,25.621510759929585
15,34.226476069425104,25.067578799126625
26,15.387899214843221,42.32023302653714
26,16.188739978643113,35.1800575967892
42,29.81139250513797,27.261338051903635
46,18.657949024750472,30.60824312567577
38,17.64923863506575,18.948683908502836
33,45.824466365981415,13.585144332471387
22,34.6999494411872,30.068694707520688
14,27.723984732385464,27.714651616103026
29,41.5213199825513,23.049247161185527
27,45.38448880956781,12.980478493053313
12,35.24155851714458,30.837328178481066
22,39.49349785192649,14.358281665863597
30,44.89860732300933,44.645110508688106
43,25.163728975189713,36.50010751157076
40,49.859080260481676,36.112747152782845
40,26.16118103104568,26.865025970138845
21,13.77935223853541,23.267416560161834
46,22.55836713445953,14.778957324043795
26,26.19676970432424,10.037697355701738
37,29.033567604927256,32.76893479922834
23,49.78177034839422,41.626217071394706
45,26.346565168301378,14.347445614430342
36,19.788044697183324,38.02588497223735
36,17.88361476880268,48.2118862413801
11,12.76349252679446,44.845952637969646
42,12.073328602662855,49.090878738960214
46,15.671964315064661,43.93940545881187
14,20.298388582977257,39.999470445408114
18,38.2898395376867,13.921803812652914
35,12.958393531397846,38.824873738529675
36,28.546868114355256,33.6906455029618
13,40.604239956345246,22.67333017224738
29,10.084029550841134,31.33067772671065
31,27.15361269559969,35.73914781650549
39,29.038843477599016,26.839642597649526
21,13.7533120179593,27.925356267046002
19,30.923678639488074,21.106240010595098
30,39.303895183567036,40.255196589360324
19,14.238712586784153,26.919412571143155
11,39.86301471335202,13.014921372052433
48,34.63611564154458,40.71603575703959
39,11.154421684182685,35.398628109374926
21,37.10457086440703,21.172128039062954
38,38.87625418057438,13.628662134763076
26,15.801856145476911,19.618745589156177
21,24.292657404566896,41.823754876101454
42,45.05216754311996,39.083207427663794
38,25.49230817832607,19.99302236766075
44,44.99318736131797,24.327781926661554
10,49.96494350583603,11.342615687265587
39,20.19038304615302,30.53869170440163
37,32.410607990784065,26.861554456652456
36,20.146938727641377,42.78776046406233
10,24.31083090909841,12.103519710144774
47,21.395172916764544,10.447308523121478
11,22.16068560816524,46.1207198881799
46,17.901960971495757,16.193293679788574
45,45.07410634648936,41.23501089793422
42,12.986258948590343,18.749109577991952
36,44.092696458305475,42.31274988141593
13,34.91693031480533,32.676156169791554
18,22.932863489029206,19.57889271305436
32,35.518306077183695,40.57961657366914
18,11.513457130063415,24.992546948902156
20,25.195964107177126,11.001029590327441
20,42.416715171520806,12.819198067323345
30,46.23266614744564,11.012586483881307
45,42.237963862987996,46.03571119472038
43,37.31586888861297,30.398351918048157
12,46.88657097544149,49.248802547974854
14,26.97514444673926,22.81647833974958
31,48.54185778505624,29.55942602535092
25,37.21101132759116,31.77889139824793
26,33.44233528741273,37.95481716053729
24,14.453437023730377,11.647033906333775
29,32.52791042610579,32.125211510748265
25,14.11230400899516,36.64411582979345
19,13.855142058431674,12.65475120778586
30,36.9711643981261,33.19709332608916
31,25.95074691950625,25.116470153225066
31,27.33833222725218,31.004187818449015
16,25.797110384399122,14.358765657536168
20,45.43811933374007,37.91398350919998
13,11.851508403570183,39.15760224284641
21,27.639008362944416,39.02949327919657
29,31.106969849556997,35.093036749492526
39,40.25586256381662,26.362020431580305
10,32.33376267552887,14.131403444760032
43,12.739796346996371,40.49906231119134
38,26.184987137867175,37.22398199071492
45,32.32243197231507,23.880798544835656
44,39.58784592657349,24.394915160137323
42,28.168025960537562,49.54751722092861
49,35.45412782541639,33.43681079789097
48,21.54604873799839,11.620948468587198
23,37.82918449453249,49.914040240152005
36,42.63416963958242,26.646934707184087
30,36.74910962182845,30.11683372273891
25,11.35996637476019,17.710689093658885
35,18.751080113877634,23.130620374884806
48,18.564429397316996,12.855545795524407
17,26.886534106528558,14.4521347998284
30,14.44614418300211,47.376773229398964
22,13.165721764595894,15.834939237447223
25,27.55842190658804,22.085363947785794
36,28.505732869671707,19.373803562051002
41,36.63029230063685,49.05913982064029
23,24.13708097088592,47.797242253801635
40,39.25094293522942,47.94719569946574
12,21.110263347211628,21.70669683008912
11,17.19396047334962,20.080109361892706
14,39.067114279548754,43.8694712796715
28,17.736404614372972,22.582977489750338
47,42.45899513999968,40.418738178424874
43,42.858428245732384,38.23274241938995
18,36.60735284577417,12.55111628123306
47,44.25045369654455,23.43382665176644
31,31.31396712267812,43.876991803186286
30,32.83230048007725,35.81423464213559
33,37.07301148146321,48.13176862756115
22,35.177453529581996,30.06803766480399
36,32.286972756124,47.49885412495911
46,25.206441812785158,40.27539823431282
48,22.67328940620386,22.353491590739587
34,24.197654434008207,15.186281688800008
18,29.04275099067748,43.98092256423309
28,23.03252365940668,26.777083884344183
32,24.21139717075054,24.290310370231794
42,12.459849722683245,20.046506731609554
39,35.707858426770336,49.72431714541842
33,46.436830450345184,38.74182992924261
32,42.32592377320314,24.020861421139507
23,45.03323178210345,16.262897266152553
19,20.184892862973747,39.82425498676439
35,31.705509985584793,20.221701677086152
15,39.63602557335993,25.971497388878994
34,29.969656953331658,12.029121749842817
47,10.683550223790586,40.887660900123564
42,47.151265046626136,25.48608242647953
11,38.70034448207086,29.689751010376405
11,15.136505812321644,12.52290846784513
48,14.834670902470371,36.15194267013699
19,19.318242861408635,12.759668119781011
10,25.14673404095657,15.260569600550564
14,33.11843235680078,38.75698025434285
16,49.73647942292488,26.09031537870628
34,31.758585932524706,26.270592531451207
20,18.62575491031319,30.38540761687079
49,43.45185672499031,19.374814190162496
44,43.88573015649121,17.11113849647066
28,16.619346257986287,42.17321481747964
44,21.03425864924028,39.90928260409813
40,36.04374814971635,49.689639148452905
15,25.775861778247787,44.40678962277858
10,22.922523875577284,27.884771777183822
37,30.7171478658066,47.44143510543446
16,47.82872925115512,45.73101019031178
30,44.370410022545066,20.03549689613792
16,45.88161544231774,20.762293537665624
17,19.93589955749488,13.786023888166827
22,49.616730325261955,36.806639643362345
43,35.78200018424671,38.485700350533676
37,46.312586289936284,16.143877769372587
33,48.34508870996504,32.7716214554928
36,35.993981521990406,19.19082608174206
25,35.93902084120478,15.634175987428653
48,49.13850318109329,35.4020434291276
35,14.266381089971256,11.396439996611045
42,47.562502302681025,23.764939715114366
28,34.96608635694868,15.665519487854338
15,29.308532323564545,37.60069825657846
36,29.966495168046308,29.21928119159248
46,17.148712815648736,27.234572245797576
34,21.004882860789653,11.344011273716195
38,15.299731604899748,37.999994119603556
26,45.333950554916235,39.236735461059126
44,32.48396627590712,45.93750434555715
11,48.87840372047363,21.11794047534516
15,24.698272263827228,40.714442436771066
18,27.168387966398775,28.849415400166695
46,23.712584871597706,26.65705527452833
28,42.72693415694743,10.412784135383566
24,31.933003952080274,34.26995400743441
31,32.512420157464746,34.900013891810794
34,30.166804333659947,23.300187849154838
23,46.71013354326541,31.11636063165307
31,13.805765732582437,44.76704125622726
27,47.4007191941249,40.898510185636496
21,40.646168918496514,18.59446707407464
18,11.456713142648866,37.22117132788388
39,42.35768211204461,37.31949169076676
10,10.620821574745435,27.2825684826229
26,14.234994742251711,38.66256418954454
26,17.843752473212717,43.99452747026363
39,20.05576947726118,13.756121742916694
30,35.24864393695995,41.53789768221153
21,37.91591985294944,29.474635167094767
39,27.58445268274592,38.05662864594589
43,32.57191095810256,34.92358607212333
16,25.551875499807913,42.51618510618863
24,29.970688850099684,23.27635671935149
27,47.72131613371029,45.636291031765964
12,44.58354014145132,41.909796226180234
43,32.67864176106548,14.707314521275258
36,33.71027313847301,28.388610567309396
30,27.935221502240314,16.67783176979741
36,27.256281218441707,24.5324527375522
26,42.71062219078394,31.39104260234759
18,43.88096958565994,27.47889375442987
17,23.150584050204984,30.596229169326556
45,15.22972075602802,18.409797000068938
46,29.107986814212868,36.601831184995234
23,15.83861466646384,32.00900445087229
37,24.776174528721214,15.862927213963385
48,12.465974954058169,30.593393222078543
46,38.08912492508108,17.708210356253016
12,34.19516141894359,40.70280329145069
27,13.8889675461343,24.177211334625575
45,48.73259370472699,42.531514499428894
35,39.91388853616222,39.621588686843005
17,23.280717436081375,18.370193520668483
26,15.35685951550466,33.23064691765197
27,34.646302008065334,26.88082939898448
13,36.85080276292808,22.103157341496832
28,34.159745425715116,47.9892473738457
19,36.25348776085115,30.673138241409813
47,22.326379641578384,40.33125835072078
20,42.8460639168125,38.64188247160155
47,24.769994916369885,49.903448251229186
31,26.617799553843344,39.67547333049724
28,11.39984997174427,10.196499870227553
40,29.218713312153156,40.005008134618976
40,24.600923638195596,32.597030844091364
29,15.177439344574859,26.97634219940251
44,26.69795540019304,19.61756731449993
22,26.898555842110454,48.679908171035166
27,38.471215581203964,11.644886502500714
13,20.482271459024656,48.35928461944683
15,28.1963069973228,30.161625153966497
12,23.33725002034717,14.449960471679155
47,35.140443836836965,39.054409325887704
30,35.190847720961855,42.07849381592003
11,11.397620824433815,15.529149726159662
12,27.322890336661516,15.640018680147737
17,15.80332264424742,15.926179797529606
30,27.38019282096377,47.44239331304752
32,40.31114089531471,34.646955885209934
45,46.31430837742989,48.641935660350846
35,41.42740739700721,30.840778295780524
23,21.80331633260909,45.48971325899524
28,17.404352108901534,45.48088909146924
16,42.73558445332145,29.458699744766697
47,42.13554237530461,17.0137291295589
15,12.988866601161163,10.704313481426526
39,41.135541908619054,28.939585091304973
23,22.519587791680642,27.305505151549163
44,39.505249874685305,37.548772297336825
15,10.043459252534511,43.659013860504885
31,48.40777164893229,22.490096857199436
26,11.921352718289867,22.836294197831894
33,22.4266278814971,28.845774433655688
11,29.814563295743955,47.82341485865639
39,28.235507191210854,46.462499398393796
41,35.40563449232254,23.901657698608446
42,22.294265676961086,13.38100314873348
34,11.826676193209344,45.73509444356904
18,45.386495613079305,21.955751642783724
43,29.272961768966358,42.131870971999774
10,48.729404336429745,30.581662705504282
37,19.027914150700575,35.91998399658685
20,17.733703712920676,29.823701035191938
44,18.26988479897596,41.53415344306946
43,43.545455839819766,11.279367542632501
44,45.0625781924007,16.701413979610585
40,22.608638623209615,31.00536470561821
36,39.55057751214362,17.936172466896526
41,12.55479942278576,21.962979748114396
21,21.043862484172926,16.97542465711797
40,32.873164067800126,45.183043147284685
24,26.379538128741167,41.602860641852885
39,22.953871540954363,26.984063437052207
25,12.96843187478213,47.04655840190159
22,23.682564732992294,48.780899671654005
25,25.967304499305403,45.99253633993031
19,17.887475506202346,40.275154489521654
35,29.026241762313028,19.23625891906208
49,38.17702941353972,35.107282642598555
32,49.823918909850924,29.331985292085815
45,17.452357193780355,11.527375361519141
30,10.183595274298938,11.428301321489789
10,46.010856600851184,15.207003461779456
34,48.838305509901296,37.82740735966612
32,30.731556101475796,27.433832019864322
35,35.71632260931283,26.47276542782312
25,14.271688404961282,18.479177102594075
49,17.857856208059495,23.063013146757964
26,10.500668464961485,49.68444975544007
17,28.45001890849602,25.214638665503685
11,38.11690144963694,49.686826141637525
12,22.398621933877155,49.278865842587
40,49.44121600042875,13.565797370573875
15,33.595515839172066,21.137390829491398
35,45.58340081568631,39.01904937268381
17,29.534391409816592,44.877908002671674
48,14.039701892950994,49.17955985383265
19,31.920019146131473,12.369943657709307
46,27.112701498330406,33.931247508066
46,21.829555448084093,14.6091507130319
14,17.96553865933898,32.42544595526811
44,34.59637802982229,45.1889153677617
29,27.582816586198497,49.541752235356505
30,44.03281950174149,42.59310618722062
38,41.026241603438294,42.82371662443801
17,26.950167928979827,16.175514686770484
25,17.826533311350524,36.03538923668573
25,49.514862527268626,18.92996557949626
40,46.97927584236894,45.43991649911476
47,10.543826325482781,37.708988329793414
36,29.42533768234246,12.246551447430303
41,38.98456688690571,24.655827260903585
12,20.868421160944077,48.670460634494425
12,10.15059809008251,26.32557847032167
11,20.563097470139606,15.659566765448805
36,32.37415257857326,25.103992736296767
17,30.86010639571727,26.537531005882876
28,11.710018345343492,37.86212504240999
12,48.19270744415756,26.37575390513163
39,29.39173698218585,22.657198440081395
15,32.46580650752401,16.390664412204764
17,36.31382582989196,10.334386699407867
31,21.775125149458443,23.59184533512984
34,28.00475202242634,16.1744291230795
45,19.925457513265165,46.39346076788116
33,12.18372318663285,13.84802766634024
32,42.120532990320555,42.01221373664046
40,43.20832250167529,31.998223143625015
44,39.736649718210316,15.130408698065253
33,36.96861567192786,18.693868895960733
43,20.501358725896154,20.625016927652776
32,21.788959257160563,10.780173634682516
27,14.243592204847086,16.05854852420565
17,19.095470163048894,12.09239833150232
46,22.634945816477106,32.21779983062992
35,33.82013605569334,37.742686883764875
48,13.330645023140143,38.921994162610815
37,47.04301349539057,14.998369552507578
37,38.21553204666438,23.851607786203278
12,10.273194085261519,16.330197878691727
49,38.13251859257773,29.166834161686204
35,18.44670837719512,33.136316211896755
29,29.311543085540993,47.528337675225984
27,23.587947925051722,47.3411451878598
43,34.71517866042967,21.56151758098348
14,14.541169890326856,17.117532956268604
32,14.886117851998954,26.375505363388363
39,32.516258016473664,28.236462564271186
12,45.0910289953623,46.77565256613321
21,18.337916035368643,24.36408897195204
37,18.44322861159702,33.728100404237686
36,10.549837889279804,38.90189635613208
42,30.401743929680038,32.292304207319035
48,45.58720208925076,34.702865978877185
12,23.45397175220334,22.67357989709288
17,43.65077781432809,43.18052273963501
29,11.021274890657185,36.06855982415169
17,29.986997718863336,40.290543649240576
25,43.889238488852584,15.55807023235615
31,36.68696281372599,22.964060398305367
48,37.29096766422712,28.23499220052092
36,22.83984594916423,22.036070373293562
42,18.77341242104758,44.19347304410609
49,25.068470052875377,25.314560716398084
18,23.850494733765352,36.09695676295918
15,23.281494775698356,23.174968035526206
49,31.683819767457443,10.60841579590393
48,10.306023977826847,13.350471270705007
33,19.51763132113041,44.147293574183905
37,45.38263880094243,37.85952771109953
36,47.92449531248381,38.870616656369165
22,26.629783985548656,31.015960471408338
46,13.038932556475444,30.815094541453245
16,32.71164220287991,12.21531679741975
13,37.184722969307956,24.059091520965268
32,25.1339417098081,40.30378321685969
17,38.65738404091974,24.35866280747519
28,18.949901715056377,16.474471037883372
11,18.106506925599717,48.85907577153624
44,26.440478640290543,33.45329899460597
38,48.59807616056938,29.675357836881446
43,40.163004442435565,29.01814888961775
41,15.724785346160823,43.985867966926996
28,29.714060059084332,13.988891563250032
45,46.860086585239635,32.92629309097087
10,27.51162109111485,12.21119544835795
37,37.69472229570456,29.659286441132878
25,40.75299975604543,45.67745092778953
35,47.205028753737174,14.734509387485804
20,22.80448403008684,35.16078525328021
40,16.1588778995878,49.155124348608076
18,43.07798291154515,23.82038604097906
40,36.798156663201546,15.216395380848073
31,41.166811230524445,25.358697375450934
24,28.07895090183031,29.181641030419346
38,11.154892248227277,20.573777196349916
13,26.357501140352078,40.641610498681075
39,17.22899833788683,31.3904841548865
26,46.60759677973944,15.62408166420752
14,11.964291535148348,46.464381261412925
12,10.115575826329133,37.780059603231976
39,16.593947271018248,12.003633848614207
41,15.908737969062745,45.46509135922634
29,49.10749849973398,25.474195616706893
26,46.54265452089083,24.593062390556124
22,42.56857068188031,17.80834521998184
32,32.126531099443824,45.274874238054615
44,25.99268149301652,48.37622917857572
16,48.36971007328286,15.932256513470499
26,34.496541888675395,19.856589334598965
41,37.44559756699596,31.4800121225214
14,31.42718193244749,27.58266637402901
28,30.436848914833785,30.278886603729806
29,39.35900000311611,25.36988793542021
44,43.948533850432,26.10204561190143
33,16.88734600379967,34.02211104775965
10,29.2476989444729,34.14825827862789
11,29.654737003664415,33.156816918450474
23,18.733909410702484,21.75290138335332
40,47.556746347404996,35.747920037301526
17,41.82383639550828,16.43736458705712
41,37.428378807435834,16.689233964505195
37,30.572203453101746,21.7780987333561
44,38.526499814730855,18.041623320330874
35,40.016816266406856,19.660417117822927
13,45.113685319850546,33.72687501208271
42,15.91753023554945,29.57402695747193
28,48.39289208603742,40.05136200484517
38,25.29825496326252,21.754125978473702
43,20.814674071442067,18.88585151658321
30,22.909599289755754,19.287474440715936
15,28.507280333916917,21.071228430138955
29,49.57632277668147,49.57101686337584
21,19.022927360732087,32.78030846106577
35,37.0682906779721,34.240599452873404
33,31.289036160731246,40.80600702454
42,12.57340674571994,21.38306295908238
29,34.70239861829674,14.878960658133886
12,18.861905906199823,38.30008655664607
45,35.39443794983034,44.45810438040426
46,26.80209842149145,34.256272584802005
20,48.315713872280114,36.893707610020186
26,11.76111571401548,11.94384230026612
45,16.83273705475123,23.199020596647586
41,36.01817743763617,39.720734304555286
15,17.556685914085314,31.88925388882883
32,39.753355823145746,12.96097935755268
32,22.092499430869957,32.24577956317921
31,37.71199652943189,20.721270435345083
48,42.160311584262175,39.615448084141406
18,44.43919093975634,47.08222068858147
49,45.801847533183505,26.637578509617704
39,38.06947676749578,48.9862228940392
44,46.02714447685858,49.160486145218286
45,26.352025752036003,42.25890296172711
29,14.352338615062639,35.79946588609473
25,44.26809043551466,39.788650214388284
37,12.218118673560143,26.546111661457346
40,44.34455186019077,37.52337777461058
21,26.83598895284458,42.75210395719783
35,19.0184976257558,33.36174971177839
46,17.10599717032705,44.33815392772351
48,49.258857347423145,18.734418745780864
13,37.56895193074976,49.52469429676612
41,13.947930464102726,47.63323066718678
14,47.96689125534665,34.66028344186448
18,18.387234453409075,40.30260939970729
24,32.761742532893166,41.99095963422138
32,19.892812841984664,17.126147528662
27,17.98690294848401,30.549712479419753
39,18.24256915680682,42.30710099962717
48,21.520639299728643,45.477910549145804
20,36.151214293673014,10.176022752283798
30,16.63842977762268,15.299428344234451
13,10.054931259997764,32.80596733663617
48,21.009978563536965,42.87456107887432
36,31.814472868993434,38.27784468474128
17,14.009822542829724,34.09580049034797
20,12.853133457945273,43.323911498925504
19,42.526623581921136,27.867194006457467
35,23.807505641633504,23.656890168916686
21,38.13187384350037,48.76072406682368
29,17.947768555824297,11.103639757260622
28,19.018640760210083,46.32475784310863
34,36.00982403855813,44.49233369417078
42,23.10448546969058,11.96038546112224
13,38.857097117008834,12.016883436162056
29,40.83876016120757,40.52582588534955
35,29.600072703031515,39.5851760118515
19,26.45236593592404,43.17976322096738
22,41.188892760913454,42.54390656371002
22,13.613114023199596,23.481711809628713
19,47.47359953432225,47.787977811604634
47,29.835289540111873,23.59440368277186
40,40.71903939584385,26.95584986800885
19,45.47330684969293,22.140060316739746
10,16.839834039005094,20.43432228585363
17,13.210773387776316,19.188245742964597
40,19.306690977863493,46.949717910894385
46,32.124793551764874,41.407639334639825
36,24.490127883061042,17.03393923726653
15,10.519943083085348,17.98616325787567
38,34.91354150074352,21.68645177180007
40,47.36607039017248,46.17296092887213
41,29.89096889420169,11.115059853766201
11,47.99796303858769,42.94995701616952
44,40.02003035886941,23.57047622093733
29,23.527945637587795,31.140218701992595
40,14.852376865826425,12.737351483411476
29,42.155428820397695,32.3900172694125
47,44.8743382441472,32.05018842395863
36,17.664376826189113,11.842900542533394
21,35.20064236379929,36.087168268105515
20,10.605189184488113,46.20647634991373
38,42.08269702268348,38.246348974191214
16,33.58112183237201,43.52277699953553
49,49.30345771833714,13.53741952965791
45,42.76528902423519,46.199908078936275
15,28.50034734550095,44.05515810768396
32,45.83587022801576,49.93477147341905
44,31.956636785716647,24.17064664194596
36,47.68809381435908,24.063124345299318
45,46.11778199820529,26.54316634941668
25,45.67439215164895,48.094670983814495
10,22.392705759012106,41.41606681301407
23,42.08235303982516,12.597323387298708
34,24.16942947854651,49.32872130872609
37,28.11012557134888,18.155838172914134
45,40.589483431746736,37.82103600885856
22,40.83846283394067,28.844191614728565
36,19.41064817960095,12.742550480117472
16,47.26155831486785,37.91719514892671
40,35.18365903103022,49.97851255307778
16,46.91508932819907,41.38984729152118
32,29.600249543606463,41.49170072254986
26,31.448052751569023,49.005559936351275
39,24.535643533553188,31.767744541989764
37,23.54483484903364,45.27351255952909
41,33.781136370750346,46.87093061582118
10,10.080255436327317,23.17528064851142
44,48.70074008983985,45.69216424350385
45,23.676345595528623,38.12694851286479
49,19.818327496999707,35.99255750197223
40,14.10974806450033,22.463771773531565
17,22.05841866428547,15.481606635988872
18,48.82536042896868,21.935070490273453
36,10.622147069001526,17.208155690460607
11,18.58855224180281,29.82567796003242
49,20.79626726995715,31.129699007031096
14,26.133222837108676,14.95203399388818
20,37.31857720738597,25.88448878514189
37,12.22710525023822,22.53033390713172
40,49.12609388541752,17.58739570107924
35,46.92252377445266,39.41996535710364
24,37.53638706786169,11.663508746336607
28,26.829811314512988,11.76874955709231
18,29.556705573522525,25.538577879441064
30,20.56848178330391,45.19184511715814
16,28.553569728082778,37.15447857056356
43,42.3451257642104,19.583584757160494
25,19.029344964922533,44.065625734225605
45,30.345639261600862,19.46671137302345
27,46.916576805636254,12.869674351331986
42,44.16929498956962,43.40564342709881
31,48.97392599264276,49.37150649287743
40,37.037594730655485,34.110515045818666
44,45.77192516118252,35.52363791107588
28,19.314240400255926,23.580714091959535
23,18.404233675688705,17.939524599922816
32,11.215794153102374,25.180162937068623
38,46.03069489469523,40.253033511379655
12,26.243968985479924,46.44236680050869
23,29.53937462267679,42.136157510331024
20,24.285058349400494,35.43640977702312
43,17.891684080469297,40.68756091847688
41,11.746785945690696,17.587631037353994
38,13.933602591810601,48.38510389848727
41,16.516793759690547,34.695622053815626
40,21.909104559502484,11.094697726529784
33,16.305417145157435,31.70217524291715
25,49.19453789894399,41.19405970141591
21,43.679975636812316,17.108753001956202
12,34.06855265258772,22.908046004147607
10,14.209717889977691,38.41485909471503
18,27.579340686038677,25.578336654110153
26,30.725646028527787,10.44716205556394
49,32.828951467066375,29.860919254761175
19,18.665680632583957,14.288804254564567
46,29.19072886352748,18.24006591259709
36,18.659398104403643,26.682055522626328
48,12.084886024466615,15.106636959330322
20,40.02392454770927,46.36805331721371
27,48.44668419541813,27.963379598187448
18,34.84240397499046,11.838194695105063
34,45.44346891931637,25.827122975553355
34,12.46728659987764,38.271692765156686
49,11.16116932620101,13.729385248760092
38,18.659851677936974,30.499765077876603
39,41.55723058664243,38.660708546857215
44,33.38398928097793,16.777476970185333
30,17.48993144668122,39.52664263192887
30,37.55902834023679,22.31551627987946
31,15.659966827566354,42.382588507570816
42,14.748595874386957,20.70617499695988
40,23.82514192805391,25.269712637076125
43,17.952031529955445,36.79624064772674
19,44.634625824427864,28.51515841739403
27,40.58475229267928,27.804282196540036
28,30.345428853514022,30.638692801453953
10,20.467462674805205,43.68604549138648
36,21.970655650154317,38.76627941137096
49,36.11849657477531,11.48431636062667
35,39.412452482319615,18.0635745943338
44,18.86911847290101,43.272943910297656
39,35.34425057427375,12.519141344343186
39,23.132704315635955,16.002198781720946
23,43.35041772028954,14.398862993600137
44,47.387491729810364,39.79942045487412
28,19.31669090291959,39.687174767003924
42,42.502172800436455,43.96714682682376
37,42.90518826166431,29.653834695184187
36,27.028008720904598,10.050327653978863
37,11.65969614908402,29.62263582162096
41,21.110887931313165,22.52259190906596
16,16.76691135984128,24.225456840728484
32,25.627115177335508,21.445148821553254
13,26.912091575493193,10.151872253480976
14,42.60107834769582,17.176616132822065
43,16.994198392385425,26.0283594291737
34,37.04884374232839,39.71415138204848
36,13.258941612477688,18.58199699822659
22,38.25629472165339,37.086825107495095
23,15.629753451894238,40.642556741252584
29,43.31666386786586,24.875536131544965
13,26.399906928749594,31.426695089347696
35,43.365373893379754,39.404359675701926
16,36.605367300380344,21.017688065554083
30,30.33189582994836,37.98582195201189
31,34.78009147670363,18.622284364322688
38,14.270624677422772,47.88467955229871
35,28.104984577361645,14.643179435254057
43,24.28604559680364,36.022845221949744
28,48.86847067998224,43.34929769138261
19,49.17107315486105,17.608037696325432
33,11.395576053752702,16.647017180344573
33,12.179625374452074,14.295027962646568
48,45.4589210179486,32.322353309643844
23,37.812587183730514,37.45589497447939
44,15.029961839467315,31.439522884383607
35,16.204532707430165,25.852347488344872
14,10.197441343814614,44.648813083211465
28,10.295272266322208,19.473296640525163
46,42.688282434381186,12.210121718993822
11,34.52033736649539,37.57143961202431
25,18.784658200035956,12.755373554886269
14,25.171491213749263,34.18479381099601
40,46.41691852088175,28.70597955208467
32,35.506395535330384,30.04215298760588
27,38.38123551097617,47.364612255418145
13,43.5209462787579,18.415134809705705
11,40.3778922120913,21.482784623192398
40,47.75845408452075,29.526559022773
27,40.9381962156704,26.752791427389596
34,22.517055645044373,31.753217893459137
16,37.99042301459855,18.346511006109424
38,12.029529634771823,39.57967623363858
49,29.40101979396843,46.33270597494286
27,17.733378194947665,36.898695928839466
35,29.63839867594085,49.33988883323226
15,25.269043076667646,29.4633153394227
16,14.888601831729273,11.147194905534676
31,40.14056911002157,41.5408224943005
42,40.53559487144041,22.597386233567526
23,39.595344977570285,33.882828029622516
40,41.463473781821506,16.726970383778475
16,49.41949270636792,48.05877144978745
18,18.834411651237218,20.869409594772467
44,44.565541180566655,23.872633322700693
32,31.358403676669056,30.755085196807563
40,47.80616674362747,44.53212628626002
10,36.6016229520193,33.78448534990985
12,40.292216836529015,26.334390489590398
20,47.13028836643991,48.871286567207136
31,47.30796627417621,13.100366152943836
34,40.21635906922546,22.633342947801673
31,20.151632792116352,17.733916805511726
27,23.82317108833263,30.523180242530934
21,35.42432408926305,23.512604050509314
24,10.136633425991013,35.927271956767186
27,25.086658262143317,34.51569786658652
22,26.858710894970983,10.48846874756299
12,12.249763167832178,48.39049321191419
10,27.88259988593512,48.8455106656152
28,25.43662992972283,30.385451292524873
33,11.385369730680956,48.250405875458654
26,42.36567882314919,33.517233070512916
38,47.85989223511449,14.444367877605142
27,42.2869283362648,49.49221179455816
40,48.57521627785619,11.366426775675066
17,32.14380812435812,12.940588833259476
13,35.181965365899394,27.68218639857468
18,10.14017331423517,47.94537711154452
21,28.69634023414946,23.21982824125196
13,40.400872182440814,17.368460894135072
41,32.24931459324352,13.332768683493047
44,35.48978959053682,36.610357420581366
27,34.06799849569275,16.59257984387818
39,38.47996765742589,25.80278245558088
19,45.43812344290945,28.192057133067344
10,28.319026533407023,31.492614544439196
27,19.96815471660608,45.39349683066064
25,32.96628971245073,44.11752219658275
23,36.59706726935673,33.4754686162111
13,13.31559387425874,33.7724353843027
38,11.729837989206082,40.19342416416088
39,13.972446828676247,29.683112776585624
21,46.19638581546711,20.741269697827455
44,24.4243111999452,38.27382399544156
47,42.741371158625995,46.66135452092145
10,32.46531927752656,25.942776854681057
20,28.365116853859114,35.25734583771665
49,26.763023727187303,41.87769510530896
26,47.71308409466643,48.31971377077559
11,29.859434175911105,34.7476272280331
25,34.89983734432493,25.73865261323295
16,25.458442865027948,17.212452208313735
23,28.74605439651052,38.129763581495936
33,49.589468309543925,47.795669471643066
21,49.14208264339004,44.679579269870814
39,33.00339923045901,13.086826333101328
34,40.18802114748388,35.189260365429625
39,26.172173103505827,30.77162787910786
46,36.49141884532958,23.11210570805177
24,11.324853170193796,18.45353989711549
32,49.71721117311291,18.76205427136092
29,10.724109976516507,35.98094580086631
14,24.57585570857902,44.071924791970886
36,14.512487868402442,30.058137739227586
30,26.847914234630128,38.46280584448914
35,22.349377033602774,34.87641178953736
22,49.14991119254429,34.45360986473899
42,28.52760842911146,23.26969209822755
18,11.029319136056554,22.892475691256998
13,13.151727625533596,11.176468169707379
31,45.54620392338769,43.028336050053184
18,46.292648220433165,22.180283757917753
13,10.849376807212758,49.04017689742925
31,18.554747435045513,15.903542822056913
20,20.96515823237107,10.534530943408434
27,48.39751343063555,46.913314281605786
32,44.06177048885488,46.9834481479285
46,29.651605687053802,32.66733704412735
20,14.037889031047781,12.755744724590471
47,35.46621198969795,25.21262008465002
28,24.36973633660648,18.35353360680763
